epoch,loss,val_loss
0,0.37609991431236267,0.1559363603591919
1,0.2503568232059479,0.11755872517824173
2,0.22503958642482758,0.09384986
3,0.21440362930297852,0.096580885
4,0.20832568407058716,0.071936354
5,0.20447298884391785,0.082367741
6,0.20005802810192108,0.077536024
7,0.1970522105693817,0.077323824
8,0.1961912363767624,0.061609641
9,0.19456370174884796,0.068553045
10,0.19332043826580048,0.065156192
11,0.19191254675388336,0.078350559
12,0.1910204440355301,0.075851135
13,0.1896294355392456,0.068691917
14,0.18925417959690094,0.078306288
15,0.1881411224603653,0.070846841
16,0.18773102760314941,0.080433682
17,0.1866699457168579,0.088856891
18,0.18601645529270172,0.066512741
19,0.1857844442129135,0.067465059
20,0.18476086854934692,0.067177929
21,0.1851758509874344,0.075720713
22,0.18417581915855408,0.06683369
23,0.185161754,0.085314751
24,0.18274790048599243,0.070397303
25,0.18334035575389862,0.067766212
26,0.18289682269096375,0.072136067
27,0.18300296366214752,0.057840262
28,0.1812402904033661,0.073524177
29,0.18262691795825958,0.075737223
30,0.18178382515907288,0.0683726
31,0.18157175183296204,0.064163327
32,0.18005725741386414,0.063851714
33,0.18055742979049683,0.071538098
34,0.1816231906414032,0.077187993
35,0.18040154874324799,0.071683817
36,0.18025022745132446,0.065971762
37,0.17972753942012787,0.065938182
38,0.17982779443264008,0.061096799
39,0.1806543916463852,0.076176152
40,0.17937014997005463,0.069605343
41,0.17892765998840332,0.071012139
42,0.17906828224658966,0.079242051
43,0.17908112704753876,0.06702926
44,0.1787114143371582,0.070820749
45,0.17803367972373962,0.066356376
46,0.17763282358646393,0.069531418
47,0.17811287939548492,0.070434734
48,0.1779300719499588,0.064447284
49,0.1772407442331314,0.066966325
50,0.1770837903022766,0.06294205
51,0.17773854732513428,0.064165644
52,0.17760445177555084,0.061713248
53,0.17712877690792084,0.066233486
54,0.17806169390678406,0.070994392
55,0.17677786946296692,0.073189385
56,0.17650102078914642,0.064074844
57,0.17638573050498962,0.067926191
58,0.17710351943969727,0.074469954
59,0.17584054172039032,0.06910985
60,0.1758531630039215,0.069188036
61,0.17547625303268433,0.071334556
62,0.17544516921043396,0.059095666
63,0.17624664306640625,0.068096876
64,0.17665307223796844,0.073107861
65,0.17677491903305054,0.062934339
66,0.17549464106559753,0.07203608
67,0.17615048587322235,0.074616082
68,0.17569224536418915,0.066732369
69,0.1758703738451004,0.063917175
70,0.17511607706546783,0.070833892
71,0.17579534649848938,0.06704767
72,0.17624156177043915,0.067671642
73,0.17646341025829315,0.067179345
74,0.17457695305347443,0.065019608
75,0.1746596097946167,0.063176781
76,0.17416410148143768,0.069476306
77,0.17490056157112122,0.073517337
78,0.1737641841173172,0.070833459
79,0.1743939071893692,0.06625054
80,0.17484526336193085,0.063596494
81,0.17509238421916962,0.075475849
82,0.1742076277732849,0.061854899
83,0.17465537786483765,0.065859936
84,0.17385993897914886,0.07366135
85,0.17526167631149292,0.068039216
86,0.17349693179130554,0.07060083
87,0.17469100654125214,0.063356616
88,0.17521817982196808,0.066531986
89,0.17413465678691864,0.058761581778526306
90,0.17392905056476593,0.057099629
91,0.17494195699691772,0.075016223
92,0.17427341639995575,0.063602321
93,0.17424185574054718,0.077742405
94,0.1734119951725006,0.056275897
95,0.17395631968975067,0.070077181
96,0.17401693761348724,0.07314235
97,0.17353889346122742,0.057620946
98,0.17307831346988678,0.065710254
99,0.173895001,0.071356073
100,0.17494329810142517,0.068045802
101,0.17347368597984314,0.060495719
102,0.17365072667598724,0.061038256
103,0.1729545295238495,0.05743641
104,0.17302782833576202,0.057994377
105,0.1733284294605255,0.072215371
106,0.1738967001438141,0.065283768
107,0.17353138327598572,0.06771747
108,0.17312826216220856,0.073011607
109,0.17373766005039215,0.060693122
110,0.1739591807126999,0.071706951
111,0.17374587059020996,0.069921538
112,0.1730019599199295,0.061885651
113,0.17264123260974884,0.061630718410015106
114,0.17284159362316132,0.059741188
115,0.17175191640853882,0.059195474
116,0.17291541397571564,0.061225064
117,0.17235977947711945,0.060990165919065475
118,0.173578143,0.076685786
119,0.17343956232070923,0.067452572
120,0.17249560356140137,0.063175045
121,0.17188921570777893,0.056197371
122,0.17280800640583038,0.055498421
123,0.17234346270561218,0.067746788
124,0.17283637821674347,0.060479268
125,0.1729360818862915,0.067044348
126,0.1729363203048706,0.077553406
127,0.17177705466747284,0.061403736
128,0.17273974418640137,0.061221525
129,0.17333637177944183,0.06652084
130,0.17285721004009247,0.059366789
131,0.17201922833919525,0.060534142
132,0.1717962920665741,0.063299477
133,0.172517791,0.061996046
134,0.17311376333236694,0.066004537
135,0.1722264438867569,0.081200056
136,0.17248323559761047,0.065944672
137,0.17287831008434296,0.064748287
138,0.17252928018569946,0.076077759
139,0.17269882559776306,0.069687642
140,0.17239993810653687,0.068413466
141,0.1715102195739746,0.060255703
142,0.1721346229314804,0.064830221
143,0.17319920659065247,0.075462565
144,0.17265884578227997,0.056251708418130875
145,0.171773762,0.061986811459064484
146,0.17199106514453888,0.064426668
147,0.17111383378505707,0.064483456
148,0.1717814952135086,0.0675437
149,0.17110058665275574,0.063159503
150,0.17092320322990417,0.058796294033527374
151,0.17194513976573944,0.060032528
152,0.1719670444726944,0.061342977
153,0.17100101709365845,0.066512018
154,0.1715637892484665,0.058607355
155,0.17178849875926971,0.066926762
156,0.1714288741350174,0.079418436
157,0.17264391481876373,0.057195269
158,0.17127861082553864,0.0630062
159,0.17121319472789764,0.060765591
160,0.1706734299659729,0.062024407
161,0.17253436148166656,0.057248671
162,0.1724887639284134,0.053017829
163,0.17149704694747925,0.071640618
164,0.17115458846092224,0.071990781
165,0.17197641730308533,0.059665415436029434
166,0.17116940021514893,0.071614884
167,0.17034876346588135,0.071227521
168,0.17242059111595154,0.058645740151405334
169,0.17197571694850922,0.059039988
170,0.17085786163806915,0.063123658
171,0.17257802188396454,0.060348142
172,0.1712925285100937,0.080451347
173,0.1708838790655136,0.060919546
174,0.17132441699504852,0.066730246
175,0.17204630374908447,0.060034509748220444
176,0.1709975004196167,0.065404058
177,0.17077521979808807,0.069861643
178,0.17092359066009521,0.070313439
179,0.17071573436260223,0.069991596
180,0.17150630056858063,0.067475878
181,0.17140573263168335,0.062811956
182,0.1711050570011139,0.064653911
183,0.1711665391921997,0.083289616
184,0.17116083204746246,0.063608788
185,0.17174164950847626,0.054748397
186,0.17199699580669403,0.07038489
187,0.17061427235603333,0.062973425
188,0.17107528448104858,0.067133449
189,0.17163801193237305,0.06039599
190,0.17078348994255066,0.065095812
191,0.17074361443519592,0.064152844
192,0.1714034378528595,0.068872318
193,0.1716339886188507,0.064319983
194,0.170770064,0.070822537
195,0.17131124436855316,0.071766339
196,0.1704794317483902,0.067041792
197,0.17113886773586273,0.058645509
198,0.17078512907028198,0.066175692
199,0.17071306705474854,0.051812902092933655
200,0.17102442681789398,0.069818042
201,0.17097796499729156,0.080501117
202,0.17148494720458984,0.064647369
203,0.1712537258863449,0.068763897
204,0.17069096863269806,0.066993721
205,0.17097628116607666,0.061803050339221954
206,0.17055802047252655,0.058480322
207,0.17166203260421753,0.065000348
208,0.17113642394542694,0.067368008
209,0.17002148926258087,0.055265136
210,0.17103265225887299,0.061907995492219925
211,0.17233847081661224,0.062252845615148544
212,0.17152824997901917,0.05582644
213,0.17187339067459106,0.075790338
214,0.1709391176700592,0.071277082
215,0.1702883094549179,0.067723945
216,0.17102399468421936,0.067063376
217,0.170877606,0.066774093
218,0.17017565667629242,0.053368937224149704
219,0.17064325511455536,0.070999384
220,0.17065224051475525,0.0703113
221,0.170443594,0.067155696
222,0.17105291783809662,0.065346085
223,0.1706414669752121,0.066754855
224,0.16975171864032745,0.060369197
225,0.1705525815486908,0.066227861
226,0.1707087606191635,0.066481389
227,0.17071183025836945,0.057402138
228,0.16990625858306885,0.061882030218839645
229,0.1697862446308136,0.06315735
230,0.17015723884105682,0.061946619
231,0.17028896510601044,0.078879289
232,0.1704363226890564,0.079819359
233,0.17049705982208252,0.073687412
234,0.17140544950962067,0.072154775
235,0.17124666273593903,0.061578244
236,0.1704118400812149,0.06698864
237,0.17103888094425201,0.055886697
238,0.1708446741104126,0.064374186
239,0.1694825440645218,0.060805574
240,0.17149630188941956,0.061455484479665756
241,0.1699553281068802,0.066996351
242,0.16921654343605042,0.066245303
243,0.17146888375282288,0.073532835
244,0.17095054686069489,0.075170137
245,0.1704528033733368,0.05679765
246,0.16955998539924622,0.068384439
247,0.17133156955242157,0.06728413
248,0.17032374441623688,0.072275497
249,0.17062252759933472,0.063838609
250,0.1717454344034195,0.062388465
251,0.16993872821331024,0.066541798
252,0.17090368270874023,0.073011473
253,0.16960151493549347,0.063800871
254,0.16974572837352753,0.062937267
255,0.17026129364967346,0.063025773
256,0.16950462758541107,0.061478287
257,0.17132379114627838,0.065926276
258,0.17042414844036102,0.065729029
259,0.16996416449546814,0.061558943
260,0.17058046162128448,0.070222907
261,0.1703178435564041,0.06919051
262,0.16950668394565582,0.079865418
263,0.1698065847158432,0.056604795
264,0.16982904076576233,0.062715143
265,0.1701364666223526,0.05842315
266,0.17053687572479248,0.057849355
267,0.16951331496238708,0.0679539
268,0.17093434929847717,0.071776174
269,0.16966857016086578,0.057356618
270,0.16959519684314728,0.061795767
271,0.16986218094825745,0.065297298
272,0.16937416791915894,0.065676965
273,0.17083966732025146,0.073685311
274,0.1698761284351349,0.058972854
275,0.1703815907239914,0.064145006
276,0.16935914754867554,0.057398595
277,0.16932567954063416,0.061421279
278,0.16999666392803192,0.069294125
279,0.16994337737560272,0.063701652
280,0.17010901868343353,0.055347357
281,0.1695517748594284,0.058252268
282,0.1701928675174713,0.05858409
283,0.16990827023983002,0.061048623
284,0.169873908,0.065789647
285,0.17023712396621704,0.059398614
286,0.16965146362781525,0.052360993
287,0.1705380231142044,0.05899895
288,0.1694810539484024,0.063135125
289,0.16997337341308594,0.067954995
290,0.17030079662799835,0.061776508
291,0.16949830949306488,0.060911555
292,0.16959762573242188,0.070588365
293,0.1710430532693863,0.059084873646497726
294,0.1693679243326187,0.058224391
295,0.1699114888906479,0.063589983
296,0.17006996273994446,0.063452341
297,0.1700977236032486,0.072560534
298,0.1701696366071701,0.069910243
299,0.17040374875068665,0.067843787